{"text": " Yes, I like to practice yoga around twice a week. And sometimes I like to jogging on the open air as possible as I can do. Another one is reading. I love to read the magazines to do something special like a woman shopping. about women make up something like that.", "segments": [{"id": 0, "seek": 0, "start": 0.0, "end": 30.0, "text": " Yes, I like to practice yoga around twice a week. And sometimes I like to jogging on the open air as possible as I can do. Another one is reading. I love to read the magazines to do something special like a woman shopping.", "tokens": [50365, 1079, 11, 286, 411, 281, 3124, 15128, 926, 6091, 257, 1243, 13, 400, 2171, 286, 411, 281, 9464, 3249, 322, 264, 1269, 1988, 382, 1944, 382, 286, 393, 360, 13, 3996, 472, 307, 3760, 13, 286, 959, 281, 1401, 264, 22975, 281, 360, 746, 2121, 411, 257, 3059, 8688, 13], "temperature": 0.0, "avg_logprob": -0.2000577633197491, "compression_ratio": 1.4701986754966887, "no_speech_prob": 9.082544612237786e-12}, {"id": 1, "seek": 3000, "start": 30.0, "end": 33.76, "text": " about women make up something like that.", "tokens": [50365, 466, 2266, 652, 493, 746, 411, 300, 13, 50553], "temperature": 0.0, "avg_logprob": -0.935123703696511, "compression_ratio": 0.8888888888888888, "no_speech_prob": 5.052420721379791e-12}], "language": "en"}